A.C.E.	11/F,PROSPERITY CENTRE	77-81 CONTAINER PORT RD	KWAI CHUNG	NEW TERRITORIES		HONG KONG	 (852) 2424 0387	 (852) 2424 0788	psound@acehk.com.hk	0	0	0	1	HK,CN,MO		
TOM LEE MUSIC 	11F, SILVERCORD TOWER1, 	30 CANTON RD, TST	KOWLOON			HONG KONG	2737 7688	2730 3573	music@tomleemusic.com	3	4	0	0	HK	http://www.tomleemusic.com	
GREAT WALL AUDIO / MUSICAL INSTRUMENT COMPANY	EAST BUILDING#1, 6 GUAN HE BEI ROAD,	LI SHUI TOWN, NAN HAI DISTRICT	FOSHAN CITY, GUANGDONG  PROVINCE, 528241<BR>			CHINA	+ 86-757-85121283 & +86-757-85121282		gzgreatwall@yahoo.com.cn	3	4	0	0	CN	http://www.musicgw.com/	
ADVANCETEK INT'L CO., LTD.	NO. 6, ALLEY 5, LANE 130, SEC. 3	MING-SHENG E. ROAD	TAIPEI			TAIWAN	 (886 2) 2719-2388	 (886 2) 2716-0043	advtktpe@ms7.hinet.net	0	0	0	0	TW		
ALL AMERICAN MUSIC	692 NORTH MARINE DR., SUITE 104		TUMON		96911	GUAM  	 1 (671) 646-5062	 1 (671) 646-5359	paul@www.music.comm.gu	0	1	0	0	GU		
AUDIOPHILE COMPONENTS INC.	1142 PRES. QUIRINO AVE. EXT. PACO		METRO MANILA		1007	PHILIPPINES	(632) 5615561 / 5880918	 (63 2) 5215597	sales@audiophile.ph	1	1	1	1	PH	http://www.audiophile.ph	
BEH NGIEP SENG	110-112 NAKORN-KASEM SOI 1		BANGKOK		10100	THAILAND	 (66 2) 222 5281	 (66 2) 225 9108	musicconcept@musicconcept.co.th	0	1	0	0	TH		
CENTRAL MUSIC INSTRUMENTS	36-38 EXPORT DRIVE		BROOKLYN	VIC	3013	AUSTRALIA	 (61 3) 9315 2244	 (61 3) 9315 2115	cmi@cmi.com.au	1	1	1	0	AU		Graeme Mitchell - Sales Manager (Sales Inquiries)<br><br>
DIRECT IMPORTS (N.Z.) LTD.	203 NELSON STREET SOUTH	PO BOX 72	HASTINGS			NEW ZEALAND	(64 6) 8730129	(64 6) 8782760	misales@direct-imports.co.nz	1	4	1	0	NZ	http://www.directimports.co.nz	<a href="mailto:service@direct-imports.co.nz">service@direct-imports.co.nz</a><br><a href="http://www.digitechnz.co.nz">http://www.digitechnz.co.nz</a><br>
KANDA SHOKAI CORPORATION  	4-2 KANDAKAJI-CHO 3-CHOME 	CHIYODA-KU	TOKYO		101-0045 	JAPAN	(81 3) 3254 3611 	(81 3) 3254 3610		1	4	0	0	JP	http://www.kandashokai.co.jp 	<a href="http://www.digitechjapan.jp">http://www.digitechjapan.jp</a><br>
GUAN HOCK LEE	PO BOX 33	BANDAR SERI BEGAWAN 1900				BRUNEI DARUSSALAM	  (673 2) 392 614	 (673 2) 450 845		1	1	1	1	BN		
ISLAND ACOUSTICS PTE. LTD.	BENHAAGE, ALI KILEGEFAANU MAGU	PO BOX 2083	MALE' 			REPUBLIC OF MALDIVES	 (960) 32 0032	 (960) 31 8264	islmusic@dhivehinet.net.mv	1	1	0	0	MV		
JANDS ELECTRONICS (NZ) LTD	6A DONCASTER STREET	AIRPORT OAKS	MANGERE	AUCKLAND 2022		NEW ZEALAND	 (64 9) 275 8710	 (64 9) 275 8790	rwilson@jandsnz.com	0	5	0	1	NZ		
KEUK DONG SOUND CO., LTD.	NO. 821 SHINDANG-2 DONG		JOONG-KU	SEOUL		KOREA	 82 (0) 2 2234-2233	 82 (0) 2 234-2323	105403.2025@compuserve.com	0	5	0	0	KP,KR		
KEYNOTE MUSIC HOUSE	PO BOX 1192	TURUMU STREET	BOROKO			PAPUA NEW GUINEA	 (675) 32 58 049	 (675) 32 50 107	bhomann@datec.com.pg	1	1	0	0	PG		
LUCKY MUSIC PUBLIC COMPANY LIMITED	645/17 PETCHBURI RD, KWANG TANON PHAYATHAI		KHEY RAJCHATEVEE	BANGKOK	10400	THAILAND	(662) 6570751-5	(662) 2552597	luckymusic_69@yahoo.com	0	0	1	0	TH		
POSI-LECTRIC	BP 144		PAPEETE			TAHITI	 (689) 42 92 56	 (689) 42 19 46		0	0	0	0	TA		
RELIANCE INT'L	PO BOX 96-140	3RD FL., NO. 175 SEC.2, AN-HO ROAD	TAIPEI		106	TAIWAN	 (886 2) 2736-8151	 (886 2) 2738-6491	dixon@dixon.com.tw	3	4	1	0	TW		
SHIMBROS PRODUCTION/AUDIO	143 SAND NICKOLAS BLDG RT4		HAGATNA		96910-5135	GUAM	 1 (671) 477-1826	 1 (671) 472-1826	ambrosgu@iftech.net	0	1	0	1	GU		
HIBINO CORPORATION	3-5-12 KONAN, MINATO-KU		TOKYO		108-0075	JAPAN	+81-3-5783-3114	+81-3-5783-3111	proaudiosales@hibino.co.jp	0	0	0	1	JP	http://www.hibino.co.jp	
TONY'S GUITARS (FLORES)	PO BOX 368		SAIPAN		96950	MARIANA ISLAND	 1 (670) 234 6087	 1 (670) 235 7570		1	1	1	0	MP		
BASAO INVESTMENT LIMITED COMPANY	HEADQUATER: 170 UNG VAN KHIEM ST, WARD 25,	BINH THANH DIST	HO CHI MINH CITY			VIETNAM	+ 848 38983424	+848 39893425	info@basaoinvest.com	1	1	1	1	VN	http://www.basaoinvest.com	Show room: 383A Dien Bien Phu st, Dict 3, HCM.C 
YOUNG RAK INSTRUMENT	# 275 NAK WON SANG GA	284-6 NAK WON DONG, JONG RO-GU	SEOUL		110-320	KOREA	 (82 2) 744 6630	 (82 2) 742 3412		1	4	0	0	KP,KR		
PT SANTIKA	SUNTER AGUNG PERKASA 9	BLOCK K1 NO. 4	JAKARTA		14350	INDONESIA	+62 21 65833535	+62 21 6512388	jreynilda@ cbn.net.id	0	0	0	0	ID		
PT. CIPTA SWARA ANUGRAH	KOMP. LODAN CENTER BLOK Q NO. 3	JL. LODAN RAYA	ANCOL	JAKARTA-UTARA	14430	INDONESIA	+62 21 6925556	+62 21 69833169	setiawan@csa-indonesia.com	0	0	0	1	ID	http://www.csa-indonesia.com/	
ERIKSON MUSIC	21000 TRANS CANADA HIGHWAY	BAIE D'URFE		QUEBEC	H9X 4B7	CANADA	(514) 457-2555 	(514) 457-0055 		1	1	1	0	CA		Consumer Inquiries, Marketing: <a href="mailto:peter.patrick@EricksonMusic.com">peter.patrick@EriksonMusic.com</a><br>Tech Support: <a href="mailto:support@eriksonmusic.com">support@eriksonmusic.com</a><br>Service: <a href="mailto:service@eriksonmusic.com">service@eriksonmusic.com</a><br>Parts: <a href="mailto:parts@eriksonmusic.com">parts@eriksonmusic.com</a><br><br><br>
SOUNDCRAFT CANADA	2100 ONESIME-GAGNON ST.	LACHINE		QUEBEC	H8T 3M8	CANADA	(514) 780-0808	(514) 780-1604	information@soundcraft-canada.com	0	0	0	1	CA	http://www.soundcraft-canada.com	
AUDIO CONCEPT C.A.	EDIFICIO SIETE, PISO 1 	CALLE VARGAS, BOLEITA NORTE	CARACAS		1060	VENEZUELA	(58-212) 237-7203	(58-212) 237-9480	jpgaspard@audioconcept.com.ve	0	0	0	0	VE	http://www.audioconcept.com.ve 	
GREAT SOUND	P.O. BOX 378 DV BX		DEVONSHIRE			BERMUDA	 1 (441) 295 6657	 1 (441) 292 6982	greatso@ibl.bm	1	1	1	0	BM		
HERMES AUDIO S.A.	NARANJO 76, COL. STA. MA.	LA RIBERA	MEXICO D.F.		C.P. 06400	MEXICO	 (525)547-2111	 (525) 547 2912	servicio@hermes-music.com.mx	1	1	1	1	MX		
AUDIOFON SYSTEMS	7 DUMFRIES ROAD		KINGSTON		10	JAMAICA	 (876) 926-2771	 926-6498	audiofon@cwjamaica.com	0	0	0	1	JM		
STELAUPHIPAT S.A.	PRINCIPE DE GALES	5933 LA REINA	SANTIAGO			CHILE	(56 2) 371-7009	(56 2) 371-7057	stelau@chilesat.net	0	0	0	1	CL		
MUSIQUE & SON	20 RUE ANTOINE SIEGER	97200 FORT DE FARANCE				MARTINIQUE	 596 42-6860	 596 42-6862	musiqueson@wanadoo.fr	1	0	0	1	MQ		
OIDOS SRL	VASQUEZ 1444		MONTEVIDEO		11200	URUGUAY	 5982 400-4380	 5982 401-7705	oidos@distrinet.com.uy	1	1	1	1	UY		
AMR LIMITED	55-57 ALFREDO ST.		WOODBROOK			TRINIDAD, W.I.	 868 638 6385	 868 675 4641	amr@trinidad.net	1	1	0	1	TT		
PROSONIDO CIA LTDA	HERNANDEX DE GIRON DE 5-37 Y VASCO DE CONTRER		QUITO			ECUADOR	5932 244 5020	5932 244 7050	info@prosonido.net 	1	1	1	1	EC		
TODOMUSICA	AV. WARNES 2280		C.A.B.A.	BUENOS AIRES	C1427DPO	ARGENTINA	+54 (11) 5544-8000	+54 (11) 5544-8000	info@todomusica.com.ar	1	1	1	0	AR	http://www.todomusica.com.ar	
A&T TRADE, INC - MOSCOW	3, POKROVSKY BLVD.		109028	MOSCOW		RUSSIA	+7 (095) 796-9262	+7 (095) 796-9266	abrand@soundmanage.ru	1	1	1	0	RU	http://www.attrade.ru	Service Department<br>e-mail: <a href="atservice@attrade.ru">atservice@attrade.ru</a><br>phone +7 095 1188797<br>fax   +7 095 1176460<br><br><br><br>
ARBITER GROUP	WILBERFORCE ROAD		LONDON		NW9 6AX	UNITED KINGDOM	(44) 20 8970 1904	(44) 208 202 7076	guitarsandamps@arbitergroup.com	0	0	0	0	GB	http://www.digitechfx.co.uk	<br>Service enquires:<br>(44) 20 8457 6880<br>servicemanager@arbitergroup.com<br><br>Spares enquires:<br>(44) 20 8457 6885<br>spares@arbitergroup.com<br>
ARBITER GROUP	WILBERFORCE ROAD		LONDON		NW9 6AX	UNITED KINGDOM	(44) 208 202 1199	(44) 208 202 7076	deades@arbitergroup.com	0	0	0	0	GB		
A&T TRADE - MINSK	4, GRIBOEDOVA STREET				220050	MINSK	+375 17 206-45-07	+375 17 206-45-06	minsk@attrade.ru	1	1	0	0	BY	http://www.attrade.ru	
AUDIO SYSTEMS AG	POSTFACH 509	SEESTRASSE 77		CH-8703 ERLENBACH-ZURICH
			SWITZERLAND	 41 (1) 910 4545	 41 (1) 910 3544	audio-bauer@bluewin.ch	1	1	1	1	CH		
AUDIO PRO HEILBRONN ELEKTROAKUSTIK GMBH		PFAFFENSTRASSE 25	74078 HEILBRONN			GERMANY	+49 7131 2636-400	+ 49 7131 2636-430	info@audio-pro.de	0	0	0	1	DE	http://www.audiopro.de/live/kontakt_frame.php	
BACK LINE IMPORT, S.A.	CAMI DEL MIG. 32	08110 MONTCADA I REIXACH	BARCELONA			SPAIN	 (3493) 565-1720	 (34 93) 575 23 74	backline@backline.es	1	0	1	0	ES	http://www.backline.es	
BAUER SOUND HUNGARIA KFT.	DEAK F. STR. 7		SZEKESFEHERVAR		8000	HUNGARY	 3622  502 930	 3622 502 935	bauersound@t-online.hu	1	0	1	0	HU		
BON STUDIO S.A.	6 ZAIMI STR.		ATHENS		10683	GREECE	 0030 1 3809605-8	0030 1 3827868	bon@bonstudio.gr	1	1	1	1	GR		
PHILIPPOS NAKAS S.A.	147 SKIATHOU STR		ATHENS		11255	GREECE	 (30 1) 2282160	 (30 1) 2112302		0	0	1	0	GR		
ELECTRO-VOX CO.	200 REPUBLICII BD.,		PLOIESTI CODE 100072	PRAHOVA		ROMANIA	 (40 44) 115541	 (40 44) 116227	electrovox@mmc.ro	0	0	0	1	RO		
EM NORDIC AB	BOX 5025	141 05 	KUNGENS KURVA		SE-127 03 	SWEDEN	+46-8-603 23 00 	+46-8-603 23 90 	info@emnordic.se 	1	0	1	0	SE	http://www.emnordic.se 	
ENGLUND MUSIK	 EM NORDIC A/S	HEDEGAARDSVEJ 88 2300	COPENHAGEN S			DENMARK	+45-32-34 00 00 	+45-32-34 00 09 	info@emnordic.se	1	0	1	0	DK	http://www.emnordic.dk 	
ENGLUND MUSIK	EM NORDIC AS POSTBOKS	150 1319	 BEKKESTUA		1341	NORWAY	+47-67-16 75 00 	+47-67-16 75 19 	info@emnordic.se	1	0	1	0	NO	http://www.emnordic.no 	
ENGLUND MUSIK	EM NORDIC OY YLä-MALMINTORI 6	A FI-00700	HELSINKI			FINLAND	+358-9-825 45 600 	+358-9-825 45 609 	info@emnordic.se	1	0	1	0	FI	http://www.emnordic.fi 	
FACTOR T.C.	2A KRAKRA STREET		SOFIA		1504	BULGARIA	(359 2) 946 30 57	(359 2) 946 12 90	factor@omega.bg	1	1	1	1	BG	http://www.audio-factor.com	
GARRETT MUSICA S.A.	RUA CASAL DO CANAS N.º 4 	ZONA INDUSTRIAL DE ALFRAGIDE 	2790-204 CARNAXIDE			PORTUGAL	+351 214 180 134 	+351 214 161 667	geral@garrett.pt	1	0	1	0	PT	http://www.garrett.pt	
M. CASALE BAUER	VIA IV NOVEMBRE 6-8		CADRIANO		40057	ITALY	 (39051) 76 66 48	 (39051) 76 65 25	info@casalebauer.com	1	0	1	0	IT		
EMPIRE MUSIC HOUSE	PO BOX 5604		NICOSIA			CYPRUS	 (357) 249-0705	 (357) 249-0863		0	0	0	0	CY		
MUSIC SOUND	248 LEONTIOU AVE	PO BOX 6291	LIMASSOL			CYPRUS	 (357 5) 337 938	 (357 5) 384 812	musicsound@cytanet.com.cy	1	0	1	0	CY		
MUSICANARIAS, S.L.	VIA PRINCIPAL, LOS MAJUELOS		LA LAGUNA	TENERIFE	38108	ISLAS CANARIAS	 (34 922) 821664	 (34 922) 821420	mreigb.musicanarias@nexo.es	0	0	0	0	CIS		
OLIMPUS MUSIC	MENSIJA ROAD		SAN GWANN		SGN 04	MALTA	356-2138 5166	356-2138 5164	jpiscopo@vol.net.mt	1	0	1	0	MT		
POLSOUND S.P. Z.O.O.	UL. GRANICZNA 17		05-092 LOMIANKI K/WARSZAWY			POLAND	 (48 22) 7518 487	 (48 22) 751 31 46	polsound@polsound.pl	0	0	0	0	PL	http://www.polsound.pl	
PRAHA MUSIC CENTER S.R.O.	OCELá&#345;SKá 937/39		19000 PRAHA 9			CZECK REPUBLIC	+420 221 011 111	+420 221 011 144		1	0	1	0	CZ	http://www.pmc.cz	
PRAHA MUSIC CENTER SRO., O.S.	J. ŠIMORA 9	94053  NOVé ZáMKY				SLOVAKIA	+421 035 640 1981	+421 035 640 1981	libor.simunek@prahamusic.sk	1	1	1	0	SK	http://www.prahamusic.sk	
SKIFAN	POSTHOLF 8120		108 REYKJAVIK			ICELAND	 (354 525) 5000	 (354 525) 5001	info@hljodfaerahusid.is	1	1	1	0	IS	http://www.hljodfaerahusid.is	
STRINGS MUSIC IMPORT	6, ROUTE DU PEROLLIER		69570 DARDILLY	LYON		FRANCE	 (33 4) 78 43 23 23	 (33 4) 78 43 27 60	smi@wanadoo.fr	1	0	1	0	FR	http://www.stringsmusic.fr	
TOTAL SONIC B.V.	PARELLAAN 28		2132 WS  HOOFDDORP			NETHERLANDS	31 (0)23 554 60 01	31 (0)23 554 60 61	info@totalsonic.nl	1	0	0	0	NL	http://www.totalsonic.nl	
 ZUHAL DIS  TICARET A . S .	GALIPDEDE CAD NO. 33 TUNEL- BEYOGLU		ISTANBUL 80090			TURKEY	(+ 90 212) 249 8510	(+ 90 212) 251 35 99	E-mail: alp@zuhalmuzik.com	1	1	1	0	TR	http://www.zuhalmuzik.com	
WARWICK MUSIC SALES	GEWERBEGEBIET WOHLHAUSEN D-08258 MARKNEUKIRCHEN					AUSTRIA	49 374 22 555 0	49 374 22 555 99 	info@warwick.de	1	0	1	0	AT	http://www.digitech.de	
KEMBEL LTD	ZAFER CARSISI 4-15/16	(NORTHERN CYPRUS)	GIRNE MERDIN 10			TURKEY	 90 392 815 4190 	 90 392 815 4655		1	1	1	0	TR		
METER	38 KASR ALINI STREET		CAIRO			EGYPT	 (202) 354-1838	 (202) 356-0457		0	0	0	0	EG		
TECHNICAL OFFICE FOR TRADING	14, MOHAMED RAMZY ST., FLAT NO. 10		HELIOPOLIS, CAIRO		11361	EGYPT	 (202) 241-0794	 (202) 401-1308	tarek_trad@hotmail.com	1	1	1	0	EG		
KLEY-ZEMER  (R.B.X. INTENATIONAL)	PETACH TIKVA 49002 		PETACH TIKVA			ISRAEL 49002	(9723) 925 6900		rbx-imp@zahav.net.il	0	0	0	0	IL	http://www.kley-zemer.co.il/	
KLEY-ZEMER  (R.B.X. INTERNATIONAL CO.)	P.O.BOX 10245	PETAH-TIKVA				49002 ISRAEL	03-9256900	03-9220612	rbx-imp@zahav.net.il	1	1	0	1	IL	http://www.Hpro.co.il	
GI. RHO. MA. MUSICAL INSTR.	JABAL AMMAN, THIRD CIRCLE, JORDAN INSURANCE BLD	PO BOX 639	AMMAN		11118	JORDAN	 (9626) 461-9093	 (9626) 461-9733	girhoma@go.com.jo	0	0	0	1	JO		
PROFESSIONAL SYSTEMS CO.	13 DARA COMPLEX, AL MUTHANNA ST	PO BOX 4415	HALWALLI		32075	KUWAIT	 (965) 264-5636	 (965) 265-9062	salem@pscpro.com	1	1	1	0	KW		
AUDIO PRO	ACHRAFIEH-AMINE GMAYEL STREET		BEIRUT			LEBANON	+961-1-428828, +961-1-429029	+961-1-429029	audiopro@inco.com.lb	0	0	0	1	LB	http://www.audioprolb.com	
ROBERT YIPTONG ENTERPRISES	30 DR. JOSPEH RIVIER ST		PORT LOUIS			MAURITIUS	 (230) 242-8629	 (230) 242-8132	ryte@bow.intnet.mu	0	0	0	1	MU		
FOTOLEC	17, RUE PASTEUR		SAINT-DENIS		97400	REUNION	 (262) 21-0048	 (262) 20-1548		1	1	1	1	RE		
ABU MOAMMAR	AL  BALAD PLAZA A	KING ABDUL AZIZ ST.	JEDDAH		21462	SAUDI ARABIA	(966-2) 647-008	(966-2) 647-009	abumoamar@nesma.net.sa	1	1	1	0	SA		
WILD & MARR	49 11TH RAOD, KEW 2090		JOHANNESBURG			SOUTH AFRICA	 (2711) 887-5271	 (2711) 887-4059	perle@wildandmarr.co.za	0	0	0	0	ZA		
THE AUDIO DISTRIBUTION CO (TADCO)	NO. 1 ALBA COURT CNR 5TH AVE AND OLIFANT ST.		JOHANNESBURG		2195	SOUTH AFRICA	 (2711) 888-6377	 (2711) 888-5980	annalise@tadco.co.za	0	0	0	0	ZA		
MARSHALL MUSIC	17 WATERVAL CRESCENT	WOODMEAD EXT 5	SANDTON			SOUTH AFRICA	+ 27 11 804 1362	+ 27 11 804 1441	info@marshallmusic.co.za	1	1	0	0	ZA	http://www.marshallmusic.co.za	
GHALI ELECTRONICS	PO BOX 5711	RAWDA, TAKRITI AVE., MUGRABI BLDG, 1ST FL	DAMASCUS			SYRIA	 (963-11) 333-5451	 (963-11) 333-6576	ghali.el@net.sy	0	0	0	0	SY		
MEDIACOM SA	33 AV. DE LA LIBERTé 2091 EL MENZAH V		TUNIS			TUNISIA	+216 71 23 34 22	+216 71 75 49 99	info@mediacom.com.tn	0	0	0	1	TN	http://www.mediacom.com.tn	
NMK ELECTRONICS	PO BOX 3191		SHARJAH			UAE	(9714) 262-6683	(9714) 672-5613	nmk@emirates.net.ae	0	0	0	0	AE		
BARNETT MUSIC CENTRE	PO BOX 173 WB, 24 HULDAH AVE.		GRAND CAYMAN			CAYMAN ISLANDS	 (345) 949-0303	 (345) 949-0303	musishop@candw.ky	1	1	1	1	KY		
CASA DEL MUSICO LA COLONIAL	CARRERA 7 NO. 57-43		BOGOTA			COLOMBIA	(1)254 5561	(1)249 2913	colonial57@hotmail.com	1	0	0	0	CO	http://www.lacolonial.com.co	
RODRIGUES MUSIC CENTER N.V.	SCHOTTEGATWEG OOST 142		CURACAO			NETHERLANDS ANTILLES	(5999) 461-4139	(5999) 465-0763	rodmusic@interneeds.net	1	0	1		AN		
AUDIONET S.A.	JUAN FANNING 530, MIRAFLORES		LIMA			PERU	(511) 446-1388 		pgomez@audionet.com.pe	1	1	1	0	PE		Contact: Paolo Gómez
BERGEE ELECTRONICS	JOBCO PLAZA #1		COLE BAY			ST. MAARTEN	(599) 544-2242	(599) 544-3475	bergee@caribserve.net	1	1		1	AN		
ELECTRONICS UNLIMITED	FOUR WINDS PLAZA		ST. THOMAS		802	USVI	(340) 777-7000	(340) 777-7007	eunmlimited@viaaccess.net	1	1			VI		
ALL STAR	BAKU INSHATCHILAR AVE., 494/1					AZERBAIJAN	+994 12 5102232	+994 12 5109136	fakhri.mustafayev@allstaraz.com	1	1			AZ	http://www.allstaraz.com 	Eleanora Aliyeva -  Import Administrator<br><br>Fakhri Mustafayev -  General Director
HARMAN MIDDLE EAST	ROUNDABOUT 8, LIU XA4	JEBEL ALI FREE ZONE	DUBAI			UAE	(9714)883-7776	(9714)883-7335	hsharman@emirates.net.ae	0	0	0	0	IR		
SAMAT SHOW TECHNICS LTD.	88, KARASAI BATYR STREET		ALMATY		480012	REP. OF KAZAKSTAN	(7327) 258-2368	 (7327) 250-9553	samatshow@nursat.kz	1	1	1	1	KA		
TUNES & TRADING	PO BOX 2312		RUWI, 112			OMAN	968 2448 9847	968 2447 9950	tunes@omantel.net.om	1	1	1	1	OM		
YAPALI GROUP CO.	EMIRHAN CAD BEYAZARAY 	APT. NO 2/2	DIKIJITAS BESIKTAS	ISTANBUL	80690	TURKEY	 (90212)259-8758	 (90212)259-5882	yapali@yapali.com.tr				0	TR		
LYD ROMMET AS	THORVALD MEYERSGATE 7	0555	OSLO			NORWAY	47 23 23 28 00	47 23 23 28 01					1	NO		
2001 MUSIC CENTER	ALAMEDA ROOSEVELT #3212		SAN SALVADOR			EL SALVADOR	(503) 2260-9090	2260-5189	2001musiccenter@usa.net	1	1	1	1	SV		
MICRO SYSTEMS	MCAL LOPEZ 1923 		ASUNCION			PARAGUAY	(59521) 49-6867	49-6870	ventas@microsystems.com.py	1	1	1	1	PY		
ARMENIAN ELECTRONIC & SOUND DISTIBUTION	AMIRYAN 10 ST., APT.10		YEREVAN		375010	REP. OF ARMENIA	(3741) 56-19-91	(3749) 40-56-06 	ohanyan@aol.com	1	1	1	1	AM		
SOVICO CORPORATION	1027-5 BANGBAE-DONG		SOCHO-GU	SEOUL	137-060	SOUTH KOREA	82 2 2106 2822	82 2 586 3721	djkwon@sovico.co.kr				1	KR	http://sovico.co.kr	
MEDIA C.A.	BOLEITA NORTE, EDIF. ALBA	PISO 1 , CALLE BUEN PASTOR	CARACAS		1071	VENEZUELA	58-212-2384650 	58-212- 2388618	preben@jblvenezuela.com	1	1		1	VE	http://www.jblvenezuela.com	
A&T TRADE, INC. 	ARISTARKHOVSKY PER., 3, BLD. 1		MOSCOW		109004	RUSSIA	+7 495 796 9262 	+7 495 796 9266 	office@attrade.ru	0	0	0	1	RU	http://www.attrade.ru	
KOMORA	OFFICE 133	3, KUDRYASHOVA STR.	KYIV		03035	UKRAINE	+38(044) 496-35-10, 496-35-11	+38(044) 390-00-32	info@komora.com	0	0	0	1	UA	http://www.komora.com	
MUSICAL	6 AVENIDA 20-88 ZONA 10		GUATEMALA CITY		01010	GUATEMALA	502-2367-3845	502-2366-5943	info@musical.com.gt	0	0	0	1	GT	http://www.musical.com.gt	
MUSITEMPO CA	CALLE ELISEO GRULLON NORTE #9		LOS PRADOS	SANTO DOMINGO		DOMINICAN REPUBLIC	809-548-6664	809-548-6800	info@musitempo.com	1	1	1	1	DO	http://www.musitempo.com	
ELECTRONICA GEO	3 AVE. 11 CALLE S.E., BO. LEMPIRA,	EDO. GRUPO PAGSA	SAN PEDRO SULA			HONDURAS	504-557-2264	504-553-2601	pagsa@globalnet.hn				1	HN		
PAXT	UNIT 15 SOUTH CAMBRIDGESHIRE BUSINESS PARK	BABRAHAM ROAD	SAWSTON	CAMBS	CB2 4LJ	UNITED KINGDOM	+44 1223 830800	+44 1223 839988	tim@paxt.com				0	NG	http://www.paxt.com	
FOCUS REKLAM PRODUKSIYON HIZMETLERI LTD. STI.	CENDERE YOLU NO:27 		KAGITHANE		34408 ISTANBUL 	TURKEY	+90 212 321 4000	+90 212 321 4001	sales@focus.com.tr				0	TR	http://www.focus.com.tr	
THE XCHANGE INC.	633 EAST BERMUDA STREET, UNIT 5		LONG BEACH	CA	90802	USA	(562) 438-0015	(562) 438-0029	frank@thexchange.ws	0	0		0	ZH	http://www.thexchange.ws	
ELECTRONICS & ENGINEERING PTE LTD	285 OUTRAM ROAD 					SINGAPORE 169069	65 6223 5873	65 6225 3709	enepl@enepl.com.sg				0	SG	http://www.enepl.com.sg	
ALA EQUIPMENT CO. LTD.	KORALI TRADE CENTER, 1ST FLR, 	2 AYIA NAPA XYLOPHAGOU AVE	AYIA NAPA		5330	CYPRUS	(3572) 372-5757	(357) 372-5758	alacyprus@sgm-electronics.it				1	CY		
SONLIT LTD.	WIED BLANDUN STR.		PAOLO PLA		07	MALTA	(356) 21 66-3684	(356) 21 66 55 69	sonlit@dream.vol.net.mt www.sonlit.com.mt				1	MT		
P.T.G.G. AUDIO TECH LTD.	13 SHEFA TAL ST.		TEL AVIV		67013	ISRAEL	(972-3) 562-2361	562-2365	shimon@audiotech.co.il				0	IL		
													0	AE		
SEPTON ELECTRONICS AB	UGGLEDALSVAGEN 23	SE-427 40 BILLDAL	GOTHENBURG			SWEDEN	46 31 93 92 70	46 31 91 16 32					1	SE		
AUDIO XL NV	AMBACHTSWEG 50		3542 DG UTRECHT			THE NETHERLANDS	0031(0)30-2644090	0031(0)30-2644099	info@audioxl.nl	0	0	0	1	NL	http://www.audioxl.nl	<a href="mailto:sales@audioxl.nl">sales@audioxl.nl</a><br>
MUSIC EXPORTS	LINDWURMSTR 211		80337	MUNCHEN		GERMANY	49 89 746 12390	49 89 746 12392	sales@musicexports.com	1	0	1	0	AL,BA,HR,MK,SI		
AUDIO BAUER PRO	WWW.AUDIO-BAUERPRO.CH	BERNERSTRASSE NORD 182, 8064	ZURICH			SWITZERLAND	+41 44 432 32 30	+41 44 432 65 58	info@audio-bauerpro.ch	1	1			CH	http://www.audio-bauerpro.ch	
GENERAL AUDIO	A. TEMMERMANSTRAAT 21, 1731		ZELIK			BELGIUM	32 2 463 0650	32 2 466 1500					0	BE		
KAIN AUDIO-TECHNIK	MUENCHNER BUNDESSTRASSE 42		5020 SALZBURG			AUSTRIA	43-662-437701-0	43-662-437701-2	office@kainaudio.at				1	AT	http://www.kainaudio.at	Branch-office in Vienna:<br>Steinbauergasse 25<br>1120 Wien<br>Austria<br><br>Tel: +431-8125808<br>Fax: 431-8125808-57
HIFI AUDIO-STUDIOTECHNIKA	H-6000 KECSKEMET NYIL U.23					HUNGARY	36 76 500 600	36 76 500 601	bertaudio@bertaudio.hu				1	HU	http://www.bertaudio.hu	
LYDROMMET DANMARK AS	SINDALSVEJ 47	8240 RISSKOV				DEMARK	+ 45 8736 2070		flemming@lydrommet.dk				1	DK	http://www.lydrommet.dk	Flemming Bjerke<br><br>
EW SOUND & LIGHT	VAARMANN RAUA ST 1, 10124		TALLINN			ESTONIA	372 6612 768	372 6612 766					1	EE		
STUDIOTEC OY	KUUSINIEMI 2		02711 ESPOO			FINLAND	+358-207 5123 00	+358 207 5123 55	sales@studiotec.fi				1	FI		
SCV AUDIO	PARIS NORD II, 186, ALLEE DES ERABLES, BP 50056 VILLEPINTE,	95947 ROISSY CDG	CEDEX,			FRANCE	33 1 48 63 22 11	33 1 48 63 22 92					1	FR		
AUDIO EQUIPMENT	VIA DON MINZONI, 20052		MONZA (MI)			ITALY	39 039 2122 200	30 039 2140 011					1	IT		
C.C.P.	RUA DO PROLETARIADO, 15-A PORTELA DE CARNAXIDE	2790-138	CARNAXIDE			PORTUGAL	+ 351 214 204440	+ 351 214 204459	fpaulo@ccp-sa.com				1	PT	http://ccp-sa.com	
EARPRO SA	C/ JUAN DE LA CIERVA 23, NAVE II (POL.IND. Nº1)	08960 SANT JUST DESVERN 	BARCELONA			SPAIN	+34 93 473 1143	+34 93 473 2789	miguel.mezquita@earpro.es				1	ES	http://www.earpro.es	
DR W.A. GUNTHER	SEESTRASSE 77, CH-8703 ERLENBACH		ZURICH			SWITZERLAND	41 43 222 30 00	41 43 222 30 30					1	CH		
SHIMRO MUSICAL INSTRUMENT CO. LTD.	701-5, BANPO 1 DONG	SEOCHO-GU	SEOUL 			KOREA	82-2-544 9934	82-2-544 9924	Shimro@shimro.com	1	4			KO,KP,KR		
JANDS	LOCKED BAG 15,	40 KENT ROAD	MASCOT	NSW	2020	AUSTRALIA	61 02 9582 0909	61 02 9582 0999	info@jands.com.au				1	AU		
LINFAIR ENGINEERING & TRADING LTD	7TH FLR, 7 JEN AI ROAD, SEC 2		TAIPEI	TAIWAN		R.O.C.	886 2 2321 4455	886 2 23932914					0	TW		
ELECTRONICA TRIPLE 	13 CALLE, 4A AVENIDA, EDIFICIO KAFATI		COMAYAGUELA			HONDURAS	(504) 222-7161	(504) 237-1410	etriplea@edured.net   etriplea@sigmanet.hn 	1	1			HN		
SWEE LEE MUSIC COMPANY PTE LTD	150 SIMS DRIVE				387381	SINGAPORE	65-6748 4131	65-6748 7036 	sales@sweelee.com.sg 	1	0			SG		
PROSOUND INC.	(403) 967, SEC. 4, WEN-HSIN ROAD		TAICHUNG	TAIWAN		R.O.C	886-4-22420138	886-4-22420175	prosound@tcts.seed.net.tw		5			TW		
A&T TRADE, INC - KIEV	29, OBOLONSKAYA ST.		04071			KIEV	+(380 44) 494-27-94	+(380 44) 494-27-94	attrade@attrade.kiev.ua	1	1	1		UA	http://kiev.attrade.ru	
AUDIO AE LTD	12 AZENES STR		RIGA	LV-1048		LATVIA	+ 371 67807310 	+ 371 7807311	audioae@audioae.lv	0	0	0	1	LV		
WARWICK MUSIC SALES	GEWERBEGEBIET WOHLHAUSEN			D-08258 	MARKNEUKIRCHEN	GERMANY	49 374 22 555 0	49 374 22 555 99	info@warwick.de	1	0	1		DE	http://www.digitech.de	
AVC GROUP D.O.O.	TRZASKA 126	1000 LJUBLJANA				SLOVENIA	386 1 530 7870	386 1 530 7880	info@avc-group.si				1	SI	http://www.avc-group.si	
AUDIO VIDEO CONSULTING D.O.O.	KARLOVACKA CESTA 36B	10020 ZAGREB				CROATIA	+385/1/600 80 00	+385/1/611 13 16	avc-info@avc.hr				1	HR	www.avc.hr	
AUDIO VIDEO CONSULTING D.O.O.	AZIZE SACIRBEGOVIC 7		71000 SARAJEVO			BOSNIA	+387 33 711 865	+387 33 711 866	avc.info@avc.ba				1	BA	www.avc-group.eu	
AVC GROUP D.O.O.	UL. KEJ 13  NOEMVRI BR 8, 1/2-3		MK-1000 SKOPJE			MACEDONIA	+389 2 3131 552	+389 2 3109 284	avc@avc.com.mk				1	MK	http://www.avc-group.eu	
LM FURTADO & CO.	540-44 KALBADEVI RD		MUMBAI		INDIA	400002	9122 2012756	9122 0258750		0				IN		
ISLAND MUSIC EXPORT	6971 N.W.51ST  STREET		MIAMI	FL	33166	USA	(305) 592-6866	(305) 675-2852	herbie@islandmusicexport.com	1	1		1	AW	http://www.islandmusicexport.com	<br><br>
ISLAND MUSIC EXPORT	6971 N.W.51ST  STREET		MIAMI	FL	33166	USA	(305) 592-6866	(305) 675-2852	herbie@islandmusicexport.com	0	0		0	AW,CAO	http://www.islandmusicexport.com	<br><br>
MCS DISTRIBUTION	42, BOULEVARD D'ITALIE		MONTE CARLO			MONACO	(377) 93-50-1666	(377) 93-30-2515	robertom@mcs-mc.com	1	1		0	DZ,MA,SN,TN		
KD SOUND 	KEUK DONG SOUND CO., LTD.	NO. 821, SHINDANG-2 DONG   	JUNG-KU,  	SEOUL		SOUTH KOREA	82-2-2234-2233	82-2-2234-2323 / 2253-1643			5			KO,KP,KR		
MAHAJAK SKM ELECTRONICS PTE LTD	60, MARSILING ROAD	SKM BUILDING	SINGAPORE		739107	SINGAPORE	+65 6848 4888 	+65 6848 4488	 info@mahajakskm.com		1		1	SG	http://www.mahajakskm.com	
AUDIO XL NV.	INDUSTRIETERREIN 2, NR 14	B-3290 DIEST				BELGIUM	+32 (0) 13 670890	+32 (0) 13 785669	stef@audioxl.be	0			1	BE	http://www.audioxl.be	contact : Stef de Pooter<br>
MOZART CHAHINE SARL 	JAL EL DIB 2620/3009	JAL EL DIB HIGHWAY, CHAHINE BUILDING, FIRST FLOOR, NEXT TO CITIBANK	BEIRUT 			LEBANON	00 961 4 41 46 49 	00 961 4 41 46 34	mozart@cyberia.net.lb	0	0	0	0	LB	http://www.mozartchahine.com	
AUDIO MUSICA	AV. CHILE ESPAÑA 393		ÑUÑOA	SANTIAGO		CHILE	(562) 375-2900   	375-2901	info@audiomusica.com	1	1			CL	http://www.audiomusica.com	
IGAT PRO-AV PTE LTD	37 EAN KIAM PLACE				429122	SINGAPORE	+65-6247 9113	+65-6247 9123	sales@intlgat.com				1	KH		
THE LAVANTAR GROUP	#54, 19TH STREET	SEYED JAMALELDIN ASADABADI AVENUE	TEHRAN		14336-93384	IRAN	(98-21) 871-1265	872-2011	abdali@lavantar.com	0	0			IR		
MUSIC HOUSE CO. LTD.	FREDDY FOR MUSIC	P.O.BOX 922846	AMMAN		11192	JORDAN				1				JO		Telefax : + 962 6 5692696
SOUND TECHNOLOGY	LETCHWORTH POINT	LETCHWORTH GARDEN CITY	HERTFORDSHIRE SG6 1ND		EN6 3JN	UNITED KINGDOM	01462 480000	01462 480800	info@soundtech.co.uk				1	GB	www.soundtech.co.uk	
STUDIO BERAR	KOSOVSKA 33 				21000 NOVI SAD 	SERBIA AND MONTENEGRO 	+381 21 4720 556	381 21 4720 556 	info@studioberar.com				1	SX	http://www.studioberar.com 	
VILLA PIANO 	1853 PONCE DE LEON AVE.		SANTURCE		00909	PUERTO RICO 	(787) 727-5000  	(787) 728-8848	jalbors@coqui.net	0	0		0	PR		
G&S MUSIC	AVAN 3/2, DURYAN 37/17		YEREVAN			REPUBLIC OF ARMENIA	(3741) 53-8700	(3741) 53-2141	gs_music@web.am				0	AM		
MAHSA GENERAL TRADING (ARIA KAMAN ROOZ)	AL-OWALS TOWER, MORSHID MARKET		DUBAI			UNITED ARAB EMIRATES	(9714) 226-1689 	(9714) 226-1816	info@ariakaman.com	0	0			AE		Tel:  (98-21) 673-3449/673-6041<br>Fax: (98-21) 673-4612
ROYAL MUSIC	AV. CARINAS 275-MOEMA			SãO PAULO	01403-001	BRAZIL	55 11 5535-2003	55 11 5535-4466	rene@royalmusic.com.br				0	BR		contact: Rene Moura, Luiz Sacoman
TELEWATT S.A.	CANAVAL MOREYRA 577		LIMA 27			PERU	(511) 440-5172	(511) 422-3442	telewatt@terra.com.pe				1	PE		
HERMES COLOMBIA	CALLE 98 #22-64, OF. 609		BOGOTA			COLOMBIA	(517) 636-1545	(517) 236-4991	martha@hermes-music.com.co				1	CO		
HALWANI AUDIO	PO BOX 22458		JEDDAH 21495			SAUDI ARABIA	(9662) 669-1252	660-0850	bassam@havpro.com				1	SA		
TECHNICAL LIGHT & SOUND CTR (TLSC)	RAWDA, ABDUL QADER JAZAIRI ST., BLDG NO. 21	(PO BOX 13520)	DAMASCUS			SYRIA	(963-11) 223-5384	(963-11) 223-1986	tlsc@net.sy				0	SY		
GSL PROFESSIONAL LLC	SHOWROOM NO.1, PORT SAEED BLDG.,	208 PORT SAEED, MAKTOUM RD., P.O. BOX 40297	DUBAI			UNITED ARAB EMIRATES	971-4-295 28 76	971-4-295 28 75	info@gslprofessional.com	1	1		1	AE	http://www.gslprofessional.com	
SOUND TECHNOLOGY PLC	LETCHWORTH POINT	LETCHWORTH GARDEN CITY	HERTFORDSHIRE		SG6 1ND	UNITED KINGDOM	01462 480000	01462 480800	info@soundtech.co.uk	1	0			GB	http://www.soundtech.co.uk	
I.D. ELECTRONIC EHF.	GRENSáSVEGI 12		108 REYKJAVIK			ICELAND	+ 354 5533050	+ 354 5533435	hljodx@hljodx.is				1	IS	http://www.hljodx.is	
A&T TRADE	COMPANY ME-FA-SI	182, AGMASHENEBELI STREET			380012, TBILISI	GEORGIA	+995 32 351-960	+995 32 955-638	office@mifasi.ge	1	1	0	0	GE	http://www.attrade.ru	
KEMBEL LTD.	ZAFER CARSISI 4-15/16		GIRNE		MERSIN 10 TURKEY	NORTH CYPRUS	+ 90 392 815 4190	+ 90 392 815 4655	belevi@kembel.biz				1	CY		
SF DIS TICARET A.S.	PALANGA CADDESI, MUTEVELLI IBRAHIM SOK. #8	80840 ORTAKOY	ISTANBUL			TURKEY	+90 212 227 9625	+90 212 227 9654	samimm@sftr.com				1		http://http://www.sf.com.tr	
SF SES VE ISIK SISTEMLERI LTD STI	PALANGA CAD. M.IBRAHIM SOK. NO:8/A-1		34347 ORTAKOY	ISTANBUL		TURKEY	+90.212.227 68 00	+90.212.227 96 34	samimm@sftr.com				1	TR	http://www.sftr.com	Contact: Mr. Samim Mutluer<br><br>
ROMCO TRADING COMPANY	PO BOX 26028 SAFAT				13121	KUWAIT	+965 22644500	+965 22629719	info@romcokuwait.com				1	KW	http://www.romcokuwait.com	Mr. Ali Al Roumi
MELODY AND CO.	1/A-B COLLEGE STREET	MIRPUR ROAD	DHAKA - 1205			BANGLADESH	880-2-8611832	880-2-9661538	melodyco@bdcom.com	0			1	BD		
ORIENT ELECTRONICS	G.P.O BOX NO-813, UNION SQUARE BUILDING	1078 RAMJOY MOHAJAN LANE	ASADGONJ	CHITTAGONG-4000		BANGLADESH	880-31-631304, 613469	880-31-610107, 625008	mataher@orientelectronics.com	1			1	BD		
TECHNO Q	SALWA ROAD · P.O.BOX 18860		DOHA			QATAR 	+974 468 9494	+974 468 9565					1	QA	http://www.technoq.com	
PROMUSICA	AVENIDA CENTRAL Y 8, CALLE 43	LOS YOSES	SAN PEDRO	SAN JOSE		COSTA RICA	506-2224-8898	506-2283-1257	ventas@promusicacr.com	1	1		1	CR		
A&B MUSIC SUPPLIES			ST MICHAEL BARBADOS			BARBADOS	+1 (246) 430 1100		abmusic@sunbeach.net				1	BB		
MUSIC N ECHO			BRIDGETOWN BARBADOS			BARBADOS	(246) 426-1049		musicnecho@sunbeach.net	1	1		1	BB		
TAMSTA AUDIO	SUBACIAUS 11 / STRAZDELIO 1		VILNIUS 2001	LITHUANIA			+370 5 2121185 OR +370 5 2124498	+370 5 2612423	arvydas@tamsta.com				1	LT	http://www.tamsta.com	
PRO GUITAR SRL	SOS BUCURESTI-PLOIESTI, NO 14-22	BLOC 13/2 SC. D, ET.3 AP.40 SECTOR 1,	013682 BUCHAREST			ROMANIA	+40 (21) 233 4065	+40 (21) 233 4075	proguitar@go.ro	1					http://www.proguitar.ro	
PRO GUITAR SRL	SOS. PIPERA-TUNARI, NO.126,		729951, VOLUNTARI-PIPERA, JUD. ILFOV			ROMANIA	+40 21 2674001	+40 21 2674002	office@proguitar.ro	1				RO	http://www.proguitar.ro	http://www.guitarshop.ro<br>
ROCK CENTRUM	AMBRA PIETRA 40	036 01 MARTIN				SLOVAKIA	+421 (43) 4136 336	+421 (43) 4136 337	rock-centrum@rock-centrum.sk				1		http://www.rockcentrum.sk	
AUDIOMASTER S.R.O.	J. SIMORA 9 	94001 NOVé ZáMKY				SLOVAKIA	+421 35 640 1915	+421 35 640 1915					1	SK	http://www.audiomaster.sk	Mr. Robert Daná&#269;
MUSIC CO.	SOR JUANA INES DE LA CRUZ 1446		BUENOS AIRES			ARGENTINA	(5411) 4584-0420	4583-1331	ventas@music-co.com				1	AR		
BELMUZPRODUCT	247760 BELARUS	GOMEL REGION MOZYR	PUSHKIN STR.53 ROOM 3			BELARUS	+375 2345 2 05 09	+375 2351 3 12 03 	svetlana@artstudiopro.com 	0	0	0	1	BY		
HARMAN PRO GROUP	A-102, ITTINA ANU APARTMENTS, OPPOSITE TO UJJAVAL SCHOOL,	WHITEFIELD MAIN ROAD, BANGALORE 560 066 	KARNATAKA			INDIA	+91 98440 61000		sjohn@harman.com				0	IN	http://www.harmanpro.com	Contact: Sushil S. John<br><br>
HI TECH AUDIO SYSTEMS P LTD	3406 D B GUPTA ROAD	KAROL BAGH	NEW DELHI   		110005	INDIA	+91 11 28722503/4/7	+91 11 28720461	rajan@hitechaudiosystems.com				0	IN	http://www.hitechaudiosystems.com	Contact: Rajan Gupta<br>
VIKAS CORPROATION	EVERGREEN HOUSE	NAAZ CINEMA COMPOUND	LAMINGTON ROAD	MUMBAI	400 004	INDIA	91-222-3808750 - 51	91-222-3872106	vikascrp@vsnl.com				0	IN	http://www.vikascorporation.com	
INVERSIONES CASA INSTRUMENTAL	CALZADA ROOSEVELT 34-01, ZONA 11		GUATEMALA			GUATEMALA	(502) 2439-2888	(502) 2439-3394	sales@casainstrumental.com	1	1			GT		<br>Other email contacts:<br><br><a href="mailto:guitarras@casainstrumental.com">Product Specialist</a><br><a href="mailto:dtecnico@casainstrumental.com">Service</a><br><a href="mailto:telemarketing@casainstrumental.com">Customer Service</a><br><br><br>
ROSSINI MUSIC CENTRE	NO. 157A  DARMAPALA MAWATHA	COLOMBO 07 				SRI-LANKA	+ 94 11 2314169	+ 94 11 2238155	rossini@eureka.lk	1						Contact: Rossini Logus  
ROSSINI MUSIC CENTRE	NO. 157A  DARMAPALA MAWATHA	COLOMBO 07 					+ 94 11 2314169	+ 94 11 2238155	rossini@eureka.lk 	1				LK		Contact: Rossini Logus  
AFRIQUE INTER GROUP SYSTEMS							(225) 24-4767	24-3104		1			0	FA,CE,GN,IV		Contact: Mohamed Diakite
SOUND HOUSE INC.	1958 FUDOGAOKA		NARITA	CHIBA 286		JAPAN	81-476-22-9338	81-476-22-9334	rick@soundhouse.co.jp		5			JP		contact Rick Nakajima
SHOW MASTER	KUZNETSOW STR. 6/31	YEREVAN 375070 				ARMENIA	(3741) 550-871		show_master2000@yahoo.com				0	AM		contact: Zorik Sahakyan<br>
MAHAJAK DEVELOPMENT CO.	225 RAMKAMHAENG ROAD		SAPHANSOON	BANGKOK 10240		THAILAND	+662 378 9999	+662 378 9902	chalit@mahajak.com				1	TH		Contact: Mr. Chalit Kanchanachaiyaphoom<br>
AUDIOMASTER CZ S.R.O. 	OCELá&#345;SKá 937/39		190 00   PRAHA 9 - VYSO&#269;ANY 				+420 226 011 130	+420 226 011 135	info@audiomaster.cz 				1	CZ	http://www.audiomaster.cz/	Contact: Ing. Radovan Dalecký
SONYGRAF LTDA.	AVENIDA 13 #118-30, OF. 608		SANTAGE DE BOGOTA			COLOMBIA	(571) 629-4259	(571) 629-4263	ruribe@sonygraf.com.co		1	1		CO		
PAXT	UNIT 15	SOUTH CAMBRIDGESHIRE BUSINESS PARK	BABRAHAM ROAD, SAWSTON CB2 4LJ			ENGLAND	+44 1223 830800	+44 1223 839988	tim@paxt.com	0	0		1	ZA,NG	http://www.paxt.com	Cont: Tim Pollard
MELODIA	SULTAN ISKANDAR MUDA 15B		PONDOK INDAH	JAKARTA	12240	INDONESIA	(62-21) 72787706-7	(62-21) 72787864	webmaster@melodiamusik.com	1	1			ID	http://www.melodiamusik.com	
E.S.S.-AUDIO SP. Z O.O.	UL. GRANICZNA 17		05-092 LOMAINKI			POLAND	+48 22 751 42 46, 751 42 48	+48 22 751 31 49	biuro@essaudio.pl	1	1		1	PL	http://www.essaudio.pl	
AVC GROUP SH. P. K. 	PRONET BUSINESS CENTER	ZONA INDUSTRIALE VETERNIK PN	10000 PRISHTINA			KOSOVO-UNMIK	+381 38 602042	+381 38 602042	info@avc-group.cc				1	KV	http://www.avc-group.cc	
ALL MUSIC CORP	6035 NW 87TH AVE.		MIAMI	FLORIDA	33178		(305) 599-8939	(305) 599-4151	marco@allmusiccorp.com				1	PA		Marco Breda
MITROS MUSIC	P.C. VOREX-INZENJERING	MILUTINA MILANKOVICA 23	11070 NOVI BEOGRAD			SERBIA & MONTENEGRO	+381-11-3011-950	+381-11-3011-955	info@mitrosmusic.co.yu	1				SX	http://www.mitrosmusic.co.yu	
AUDIO PRO D.O.O. 	LESKOSKOVA 8 	1000 LJUBLJANA,				SLOVENIA	TEL: +386 1 5240178 	FAX: +386 1 5240179 	audioprolj@siol.net 	1	0			SI		
AUDIO PRO D.O.O. 	BANA JELACICA 64	31220	VISNJEVAC-OSIJEK			CROATIA 	TEL: +385 31 350222 	FAX: +385 31 350220 	audio.pro@email.htnet.hr	1	0			HR		
ARTIST D.O.O	I.G.KOVACICA 211 		78000 BANJALUKA			BOSNIA	TEL;+387 51 371977	FAX;+387 51 371977	artist@teol.net	1	0			BA		
ARTIST D.O.O.E.L. 	HRISTO SMIRNENSKI 10 	1000 SKOPJE				MACEDONIA 	TEL:+389 2 3216640 	FAX:+389 2 3216678	artistsistem@mt.net.mk 	1	1			MK		
ARTIST D.O.O.E.L.	HRISTO SMIRNENSKI 10	1000 SKOPJE				MACEDONIA	TEL:+389 2 3216640	FAX:+389 2 3216678 	artistsistem@mt.net.mk	0	0			AL		
SUPRO MUNDIAL S.A.	PRODUCTOS SUPERIORES S.A.	P. O. BOX 0816-07800	PANAMA, REPUBLIC OF			PANAMA	(507) 315-0101	(507) 315-0114	ocorrea@supropanam.com	1	1			PA		Contact: Olmedo Correa<br><br><br>
BENTLEY MUSIC SDN BHD	140-142 JALAN BUKIT BINTANG	55100 KUALA LUMPUR				MALAYSIA	603 2144 3333	603 2148 0129	admin@bentleymusic.com	1				MY		
CINETEKK	ROOM NO. 6, 1ST FLOOR,	#3, BLACKERS ROAD, VIJAY COMPLEX,NEXT TO CASINO THEATRE, CHENNAI - 600 002	TAMIL NADU			INDIA	+91-44-28549532 / 52131545 / 28517734	+91-44-28517735	vswamy@cinetekk.co.in				1			Contact: Mr. Varthan Swamy
HI-TECH AUDIO SYSTEMS PVT. LTD.	3406, DESH BANDHU GUPTA ROAD,	KAROL BAGH,	NEW DELHI - 110 005			INDIA	+91 11 4317 4317 (30 LINES)	+ 91 11 2872 0461		0	0		1	IN		<br><br>Contact Persons<br>Mr. Rajan Gupta, Director<br>+ 91 98110 15472<br><br>Mr. Nirdosh Aggarwal<br>Marketing Head (Harman Pro)<br>+91 98105 68450<br><br>
AUDIO FOTO PRO	AVENIDA BALBOA, PUNTA PAITILLA	P.O. BOX 55-0336 PAITILLA				PANAMá, REPúBLICA DE PANAMá 	(507) 263-8160	(507) 264-7048	moi@audiofotopro.com				1	PA	http://www.audiofotopro.com/	Contact: Moisés S Abadi M
ISLAND ACOUSTIC	ORCHID MAGU	P. O. BOX 2083	MALE’ 20261			REPUBLIC OF MALDIVES	+960 332 0032, +960 332 9559	+ 960 331 8264	islmusic@dhivehinet.net.mv	1			1	RM		M. Nooraaneemaa<br>
PAXT	SAWSTON CB2 4LJ 						+44 1223 830800	ENGLAND	tim@pact.com	1				KE,NG		Contact: Tim Pollard<br>
CASASCENE S.A.R.L. 	34 RUE SOCRATE MAARIF 	1000 SKOPJE				CASABLANCA 	+212 (0) 22 98 52 83<BR>+212 (0) 22 98 63 54<BR>+212 (0) 22 99 27 20<BR>+212 (0) 22 99 26 89 	+212 (0) 22 98 47 99	casascene@casascene.com 	0	0		0	MA	http://www.casascene.com	Contact: Henri Halioua
AUDIO XL NV	AMBACHTSWEG 50	3542 DH	UTRECHT			HOLLAND	+31 (0) 30 2644 090	+31 (0) 30 2644 099	thijs@audioxl.nl	0				HL	http://www.audioxl.nl	contact : Thijs Dullaart
AFRIQUE INTER GROUP SYSTEMS	BUILDING Nº 28 11 BOULEVARD VALERY GISCARD D'ESTIN	11 BP 82 ABIDJAN	COTE D'IVOIRE				+225 (21) 24 47 67 CELL +225 07 32 80 42	+225 (21) 24 31 04	anywayaigs@yahoo.fr				0	ZH		Contacts: Mohamed Diakite<br><br>Souare Mohamed Lamine<br>
WILD & MARR (PTY) LTD	ISANDO BUSINESS PARK UNIT E3	GEWEL STREET (OFF HULLEY), EXT3  	ISANDO  1602 ISANDO BUSINESS PARK UNIT E3				011 – 974 0633	011- 974 0673	info@wildandmarr.co.za				1	SF	http://www.wildandmarr.co.za	<br> justin@wildandmarr.co.za<br><br> darren@wildandmarr.co.za<br><br><br>
SAMAT SHOW TECHNICS	ALMATY 480012					KAZAKHSTAN	+7 3272 582 368		samatgroup@nursat.kz	1				KZ	http://www.samatgroup.kz	Aliya Akhmetova
MMG	P.O. BOX 549		MAITLAND, 7404	CAPE TOWN		SOUTH AFRICA	+27 021 511 1800	+27 021 511 1855	info@marshallcape.co.za	1				SF	http://www.marshallcape.co.za/	
BMI GROOTHANDEL BV 	RHONE 40	INDUSTRIAL MUSIC CENTRE	FOREPARK 2491AP			NETHERLANDS	+31 (0)70 320 2425	+31 (0)70 317 6846	info@bmi.nl	1				BE	http://www.bmi.nl 	Den Haag
RISING FORCE CO.	117 KNYAZ BORIS I STR.	1301 SOFIA	BULGARIA				359 898 232 999	359 2 9581799	risingf@prolink.bg	1				BG	http://www.risingf.bg	
RENT-A-AMP SOUND  COMPANY LIMITED	#13 UPPER BOURNES ROAD		ST. JAMES, PORT OF SPAIN			TRINIDAD	(868)-628-1366	(868)-622-2127	ramon@rentaamp.net				1	TT		Contact: Mr. Ramon Matthew
BEH NGIEP SENG MUSICAL INSTRUMENTS LTD.,PART. 	110-112 NAKORN KASEM SOI 1	CHAROEN KRUNG RD	SAMPANTAWONG	BANGKOK	10100	THAILAND				1				TH	http://www.bns.co.th/	
AMERICAN MUSIC GUAM	128-A NORTH MARINE CORP DRIVE		96913		TAMUNING 	GUAM				1				GU	http://http://www.amguam.com/	
A&T TRADE	65 MATISA STREET	RIGA, LV-1009				LATVIA	+371 (7) 310 040	+371 (7) 315 601	martins@attrade.lv 	1				LV	http://www.attrade.lv 	
AT&T TRADE	65 MATISA STREET		RIGA, LV-1009			LATVIA	+371 (7) 310 040	+371 (7) 315 601	martins@attrade.lv 	1				EE	http://www.attrade.lv 	
TAMSTA AUDIO	PO BOX 3514	VILNIUS 2001				LITHUANIA	+370 (5) 212 4498	+370 (5) 261 2423	olegas@tamsta.com	1				LT	http://www.tamsta.com	
AT&T TRADE	65 MATISA STREET	RIGA, LV-1009				LITHUANIA	+371 (7) 310 040	+371 (7) 315 601	martins@attrade.lv 	1				LT	http://www.attrade.lv	
L’AUDIOPHILE	RUE EMILIO MARTINI	97100 BASSE-TERRE				GUADELOUPE	0590 81 82 60	0590 81 90 91	joseph.saintclement@wanadoo.fr				1	GP		<br>Mr. Joseph SAINT-CLEMENT
INSTRUMENTS GARAGE S.A.R.L.	INSTRUMENTS GARAGE SHOWROOM	JDEIDEH HIGHWAY	BEIRUT			LEBANON	+961 1 217 000	+961 1 215 215	info@instrumentsgarage.com	1				LB	http://www.instrumentsgarage.com 	
 TCTW INTERNATIONAL (TAIWAN) CO. LTD.	12F~2, NO.348, SEC. 6 NANJING EAST RD.	NEIHU DISTRICT	TAIPEI 		11470	TAIWAN (R.O.C.)	+886 2 8792 2550	+886 2 8792 7643	sales@tctw.com.tw				1	TW		Peter Hou
AUDIOPRO  SH.P.K. 	RRUGA BUDI 1000 TIRANA					ALBANIA	+355 683884349		audioproalbania@gmail.com	1			1	AL	http://www.audiopro-albania.com	
ROOM2ROCK	 SHOP NO. 2257, MOJAMA	AL DHILA COMPOUND ROAD NO. 90, WALI ALAHD HIGHWAY	AL HAMALA, 1014			KINGDOM OF BAHRAIN	+973 17611785		room2rok@batelco.com.bh	1				BH	http://www.room2rock.info	
AUDIO TECHNOLOGY	95A EL MARGHANY ST., 		HELIOPLOIS, CAIRO			EGYPT	202-2290-1102, OR 202-2290-6712	202-2417-8317					1	EG	http://www.audioteceg.com	
DUE TO NON ROHS COMPLIANCE, DOD PRODUCTS ARE UNABLE TO BE IMPORTED INTO THIS COUNTRY											1			AT		
DUE TO NON ROHS COMPLIANCE, DOD PRODUCTS ARE UNABLE TO BE IMPORTED INTO THIS COUNTRY											1			FR		
DUE TO NON ROHS COMPLIANCE, DOD PRODUCTS ARE UNABLE TO BE IMPORTED INTO THIS COUNTRY											1			ES		
DUE TO NON ROHS COMPLIANCE, DOD PRODUCTS ARE UNABLE TO BE IMPORTED INTO THIS COUNTRY											1			PT		
DUE TO NON ROHS COMPLIANCE, DOD PRODUCTS ARE UNABLE TO BE IMPORTED INTO THIS COUNTRY											1			IT		
DUE TO NON ROHS COMPLIANCE, DOD PRODUCTS ARE UNABLE TO BE IMPORTED INTO THIS COUNTRY.											1			DE		
DUE TO NON ROHS COMPLIANCE, DOD PRODUCTS ARE UNABLE TO BE IMPORTED INTO THIS COUNTRY.											1			SE		
DUE TO NON ROHS COMPLIANCE, DOD PRODUCTS ARE UNABLE TO BE IMPORTED INTO THIS COUNTRY.											1			NO		
DUE TO NON ROHS COMPLIANCE, DOD PRODUCTS ARE UNABLE TO BE IMPORTED INTO THIS COUNTRY.											1			FI		
DUE TO NON ROHS COMPLIANCE, DOD PRODUCTS ARE UNABLE TO BE IMPORTED INTO THIS COUNTRY.											1			CZ		
DUE TO NON ROHS COMPLIANCE, DOD PRODUCTS ARE UNABLE TO BE IMPORTED INTO THIS COUNTRY.											1			NL		
DUE TO NON ROHS COMPLIANCE, DOD PRODUCTS ARE UNABLE TO BE IMPORTED INTO THIS COUNTRY.											1			HU		
DUE TO NON ROHS COMPLIANCE, DOD PRODUCTS ARE UNABLE TO BE IMPORTED INTO THIS COUNTRY.											1			DK		
DUE TO NON ROHS COMPLIANCE, DOD PRODUCTS ARE UNABLE TO BE IMPORTED INTO THIS COUNTRY.											1			HR		
DUE TO NON ROHS COMPLIANCE, DOD PRODUCTS ARE UNABLE TO BE IMPORTED INTO THIS COUNTRY.											1			CY		
DUE TO NON ROHS COMPLIANCE, DOD PRODUCTS ARE UNABLE TO BE IMPORTED INTO THIS COUNTRY.											1			MT		
DUE TO NON ROHS COMPLIANCE, DOD PRODUCTS ARE UNABLE TO BE IMPORTED INTO THIS COUNTRY.											1			SI		
DUE TO NON ROHS COMPLIANCE, DOD PRODUCTS ARE UNABLE TO BE IMPORTED INTO THIS COUNTRY.											1			BA		
DUE TO NON ROHS COMPLIANCE, DOD PRODUCTS ARE UNABLE TO BE IMPORTED INTO THIS COUNTRY.											1			RO		
DUE TO NON ROHS COMPLIANCE, DOD PRODUCTS ARE UNABLE TO BE IMPORTED INTO THIS COUNTRY.											1			GB		
ABU MOAMMAR EST.	AL BALAD PLAZA		JEDDAH			SAUDI ARABIA	966 2 6470008	966 2 6470009	info@abumoammar.com				1	SA	http://www.abumoammar.com	
TOTAL VIDEO DISTRIBUTION	ZONE INDUSTRIELLE	B.P. 20544	PAPEETE		98713 	TAHITI	+689 508 787	+844 825 0099	jlilin@tvdis.pf	1	1		1	TA		
PROFESSIONAL LIGHT AND SOUND GEORGIA (PLSGE) LTD.	4 V.ADASHIDZE STR.	0108 TBILISI				GEORGIA	+995 32 479374		info@plsge.ge				1	GE	http://www.plsge.com	Contact: Nikoloz Machavariani, Director
FURTADOS MUSIC	JER MAHAL DHOBITALAO		MUMBAI 		400002	INDIA	+91-22-66225454,  +91-22-22013105	+91-22-22058750		1				IN	http://www.furtadosonline.com	
TECHNOSOUND	PO BOX 536 JOUNIEH	SYOUFI, ACHRAFIEH HADDAD BLDG	BEIRUT			LEBANON	+961 1613761	+961 1613377	techsoun@dm.net.lb				1	LB	http://www.techno-sound.org	
ELETRONICA SELENIUM (HARMAN DO BRASIL)	BR386, KM435 92480-000		NOVA SANTA RITA	RS		BRASIL	0800 514 161	55 51 3479 1150	Garantia@selenium.com.br	1	1	1	1	BR	http://www.selenium.com.br/#/AtendimentoCliente	
ALEF TECHNOLOGY LIMITED	HOUSE NO. 3, STREET NO. 12	WAZIR AKBAR KHAN	KABUL			AFGHANISTAN	+93 796 009 041		zia.khan@aleftechnology.com	1	1	0	1	AF		
STANFORD MUSIC	RAUA 1		TALLINN		10124	ESTONIA	+372 6676030	+372 6676039	pood@stanfordmusic.ee	1				EE	http://www.stanfordmusic.ee	
MAHAJAK TRIO ELECTRONICS SDN.BHD	NO.4 , JALAN BP 4/2 , BANDAR BUKIT PUCHONG,	47100  PUCHONG , SELANGOR				MALAYSIA	+603-8062 2722  	+603-8062 2572    	hlteo@mahajaktrio.com		1		1	MY	http://www.mahajaktrio.com	
VIRTUAL SOUND LAB	SAMORA MACHEL RD		ASYLUM DOWN ROUNDABOUT				233-302-230008	233-302-29242939	virtualsoundltd@yahoo.com	1	1	0	1	GH	http://www.virtualsoundlab.com	
